summary,ARCHIVED_RECORD_NUMBER,SEISMIC_TIME_SOLS,ORIGINAL_FILE_NUMBER,ORIGINAL_RECORD_NUMBER,DATA_ACQUISITION_SOL,DATA_ACQUISITION_HOUR,DATA_ACQUSITION_MINUTE,DATA_ACQUISITION_SECOND,MEDIAN_X_AXIS,FIRST_X_AXIS,MAXIMUM_X_AXIS,MINIMUM_X_AXIS,RMS_X_AXIS_X100,RMS_Y_AXIS_X100,RMS_Z_AXIS_X100,MEAN_X_AXIS_CROSSINGS,MEAN_Y_AXIS_CROSSINGS,MEAN_Z_AXIS_CROSSINGS,METEO_TIME_SOLS,WINDSPEED,PRESSURE,WIND_DIRECTION,AIR_TEMPERATURE,WIND_SEISMIC_INTERVAL,prediction
mean,63943.33664227715,334.71221111805124,45035.842062996344,107.9286829660034,14.078566967074151,29.394775586686894,29.489314714018025,50.527460515749084,2.6047782635852594,2.8160078522352103,9.16409386990274,0.3401668599982154,343.4724279468189,257.8960694208977,369.6923574551619,15.017712144195592,15.15822700098153,14.943405907022397,108.51979544704213,2.942247925403783,7.715636811811542,228.4913112340503,224.21823860087372,7373.252386901044,2.0
