summary,ARCHIVED_RECORD_NUMBER,SEISMIC_TIME_SOLS,ORIGINAL_FILE_NUMBER,ORIGINAL_RECORD_NUMBER,DATA_ACQUISITION_SOL,DATA_ACQUISITION_HOUR,DATA_ACQUSITION_MINUTE,DATA_ACQUISITION_SECOND,MEDIAN_X_AXIS,FIRST_X_AXIS,MAXIMUM_X_AXIS,MINIMUM_X_AXIS,RMS_X_AXIS_X100,RMS_Y_AXIS_X100,RMS_Z_AXIS_X100,MEAN_X_AXIS_CROSSINGS,MEAN_Y_AXIS_CROSSINGS,MEAN_Z_AXIS_CROSSINGS,METEO_TIME_SOLS,WINDSPEED,PRESSURE,WIND_DIRECTION,AIR_TEMPERATURE,WIND_SEISMIC_INTERVAL,prediction
mean,152217.209600863,702.4411542610571,30968.035167206042,294.8462783171521,12.274163969795037,29.08047464940669,29.559816612729232,50.70685005393743,14.164778856526429,15.237971952535059,42.4373786407767,-6.0457928802589,1962.031607335491,1612.870442286947,2476.795091693635,14.935976267529666,14.982901833872708,14.935167206040992,295.3640073300969,11.142447680690413,8.755174973031178,163.9164617044225,178.8494714131606,7973.169255663431,1.0
