summary,ARCHIVED_RECORD_NUMBER,SEISMIC_TIME_SOLS,ORIGINAL_FILE_NUMBER,ORIGINAL_RECORD_NUMBER,DATA_ACQUISITION_SOL,DATA_ACQUISITION_HOUR,DATA_ACQUSITION_MINUTE,DATA_ACQUISITION_SECOND,MEDIAN_X_AXIS,FIRST_X_AXIS,MAXIMUM_X_AXIS,MINIMUM_X_AXIS,RMS_X_AXIS_X100,RMS_Y_AXIS_X100,RMS_Z_AXIS_X100,MEAN_X_AXIS_CROSSINGS,MEAN_Y_AXIS_CROSSINGS,MEAN_Z_AXIS_CROSSINGS,METEO_TIME_SOLS,WINDSPEED,PRESSURE,WIND_DIRECTION,AIR_TEMPERATURE,WIND_SEISMIC_INTERVAL,prediction
mean,115242.33333333333,530.2222222222222,49370.22222222222,177.33333333333334,6.944444444444445,21.38888888888889,32.111111111111114,51.0,1.7777777777777777,4.0,6.944444444444445,0.3888888888888889,257.6666666666667,293.8888888888889,375.3888888888889,17.0,16.5,15.444444444444445,177.62976666666665,351.03222222222223,8.994444444444445,180.7833333333333,118.20555555555555,115.5,1.0
